Elevation_m,Jan,Feb,Mar,Apr,May,Jun,Jul,Aug,Sep,Oct,Nov,Dec
0.0,18.0,21.0,26.0,30.0,32.0,30.0,29.0,29.0,28.0,26.0,22.0,19.0
44.462311557788944,17.766806058263345,20.7512597954809,25.73571353269846,29.720167269916015,31.720167269916015,29.78235232104579,28.813444846610675,28.813444846610675,27.797898583828232,25.766806058263345,21.766806058263345,18.766806058263345
88.92462311557789,17.53361211652669,20.502519590961803,25.471427065396913,29.440334539832026,31.440334539832026,29.564704642091577,28.62688969322135,28.62688969322135,27.595797167656464,25.53361211652669,21.53361211652669,18.53361211652669
133.38693467336682,17.300418174790035,20.2537793864427,25.20714059809537,29.16050180974804,31.16050180974804,29.347056963137366,28.440334539832026,28.440334539832026,27.393695751484696,25.300418174790035,21.300418174790035,18.300418174790035
177.84924623115577,17.06722423305338,20.005039181923603,24.94285413079383,28.880669079664056,30.880669079664056,29.129409284183154,28.2537793864427,28.2537793864427,27.191594335312928,25.06722423305338,21.06722423305338,18.06722423305338
222.31155778894473,16.834030291316722,19.756298977404505,24.678567663492288,28.600836349580067,30.600836349580067,28.911761605228943,28.06722423305338,28.06722423305338,26.98949291914116,24.834030291316722,20.834030291316722,17.834030291316722
266.77386934673365,16.600836349580067,19.507558772885407,24.414281196190743,28.321003619496082,30.321003619496082,28.69411392627473,27.880669079664056,27.880669079664056,26.787391502969392,24.600836349580067,20.600836349580067,17.600836349580067
311.2361809045226,16.367642407843412,19.25881856836631,24.1499947288892,28.041170889412097,30.041170889412097,28.47646624732052,27.69411392627473,27.69411392627473,26.585290086797624,24.367642407843412,20.367642407843412,17.367642407843412
355.69849246231155,16.134448466106758,19.010078363847207,23.88570826158766,27.76133815932811,29.76133815932811,28.25881856836631,27.507558772885407,27.507558772885407,26.383188670625856,24.134448466106758,20.134448466106758,17.134448466106758
400.1608040201005,15.901254524370103,18.76133815932811,23.621421794286118,27.481505429244123,29.481505429244123,28.041170889412093,27.321003619496082,27.321003619496082,26.181087254454088,23.901254524370103,19.901254524370103,16.901254524370103
444.62311557788945,15.668060582633448,18.51259795480901,23.357135326984572,27.201672699160135,29.201672699160135,27.823523210457886,27.134448466106758,27.134448466106758,25.97898583828232,23.668060582633448,19.668060582633448,16.668060582633448
489.0854271356784,15.434866640896791,18.26385775028991,23.09284885968303,26.92183996907615,28.92183996907615,27.60587553150367,26.947893312717433,26.947893312717433,25.77688442211055,23.434866640896793,19.434866640896793,16.434866640896793
533.5477386934673,15.201672699160136,18.015117545770813,22.82856239238149,26.642007238992164,28.642007238992164,27.38822785254946,26.76133815932811,26.76133815932811,25.574783005938784,23.201672699160135,19.201672699160135,16.201672699160135
578.0100502512563,14.968478757423481,17.76637734125171,22.564275925079947,26.362174508908176,28.362174508908176,27.170580173595248,26.574783005938784,26.574783005938784,25.372681589767016,22.96847875742348,18.96847875742348,15.968478757423481
622.4723618090452,14.735284815686825,17.517637136732613,22.299989457778402,26.08234177882419,28.08234177882419,26.952932494641036,26.388227852549463,26.388227852549463,25.170580173595248,22.735284815686825,18.735284815686825,15.735284815686825
666.9346733668342,14.50209087395017,17.268896932213515,22.03570299047686,25.802509048740205,27.802509048740205,26.735284815686825,26.201672699160135,26.201672699160135,24.96847875742348,22.50209087395017,18.50209087395017,15.50209087395017
711.3969849246231,14.268896932213515,17.020156727694417,21.77141652317532,25.522676318656217,27.522676318656217,26.517637136732613,26.015117545770813,26.015117545770813,24.76637734125171,22.268896932213515,18.268896932213515,15.268896932213515
755.859296482412,14.03570299047686,16.77141652317532,21.507130055873773,25.24284358857223,27.24284358857223,26.299989457778402,25.82856239238149,25.82856239238149,24.564275925079947,22.03570299047686,18.03570299047686,15.03570299047686
800.321608040201,13.802509048740205,16.522676318656217,21.24284358857223,24.963010858488246,26.963010858488246,26.08234177882419,25.642007238992164,25.642007238992164,24.362174508908176,21.802509048740205,17.802509048740205,14.802509048740205
844.7839195979899,13.56931510700355,16.27393611413712,20.97855712127069,24.683178128404258,26.683178128404258,25.86469409986998,25.45545208560284,25.45545208560284,24.16007309273641,21.56931510700355,17.56931510700355,14.56931510700355
889.2462311557789,13.336121165266894,16.02519590961802,20.714270653969145,24.403345398320273,26.403345398320273,25.647046420915768,25.268896932213515,25.268896932213515,23.95797167656464,21.336121165266896,17.336121165266896,14.336121165266894
933.7085427135678,13.102927223530239,15.776455705098922,20.449984186667606,24.123512668236287,26.123512668236287,25.429398741961556,25.08234177882419,25.08234177882419,23.755870260392875,21.102927223530237,17.102927223530237,14.102927223530239
978.1708542713568,12.869733281793582,15.527715500579822,20.18569771936606,23.8436799381523,25.8436799381523,25.211751063007345,24.895786625434866,24.895786625434866,23.553768844221104,20.869733281793582,16.869733281793582,13.869733281793582
1022.6331658291457,12.636539340056927,15.278975296060723,19.92141125206452,23.563847208068314,25.563847208068314,24.994103384053133,24.70923147204554,24.70923147204554,23.35166742804934,20.636539340056927,16.636539340056927,13.636539340056927
1067.0954773869346,12.403345398320273,15.030235091541623,19.657124784762978,23.28401447798433,25.28401447798433,24.776455705098922,24.522676318656217,24.522676318656217,23.14956601187757,20.403345398320273,16.403345398320273,13.403345398320273
1111.5577889447236,12.170151456583618,14.781494887022525,19.392838317461432,23.00418174790034,25.00418174790034,24.55880802614471,24.336121165266896,24.336121165266896,22.947464595705803,20.170151456583618,16.170151456583618,13.170151456583618
1156.0201005025126,11.936957514846963,14.532754682503427,19.12855185015989,22.724349017816355,24.724349017816355,24.341160347190495,24.149566011877567,24.149566011877567,22.745363179534035,19.936957514846963,15.936957514846963,12.936957514846963
1200.4824120603014,11.703763573110308,14.284014477984329,18.86426538285835,22.44451628773237,24.44451628773237,24.123512668236287,23.963010858488246,23.963010858488246,22.543261763362267,19.703763573110308,15.703763573110308,12.703763573110308
1244.9447236180904,11.470569631373651,14.035274273465228,18.599978915556804,22.16468355764838,24.16468355764838,23.905864989282072,23.776455705098922,23.776455705098922,22.3411603471905,19.47056963137365,15.470569631373651,12.470569631373651
1289.4070351758794,11.237375689636995,13.786534068946128,18.335692448255262,21.884850827564392,23.884850827564392,23.688217310327865,23.589900551709597,23.589900551709597,22.13905893101873,19.237375689636995,15.237375689636995,12.237375689636995
1333.8693467336684,11.00418174790034,13.53779386442703,18.07140598095372,21.60501809748041,23.60501809748041,23.47056963137365,23.403345398320273,23.403345398320273,21.936957514846963,19.00418174790034,15.00418174790034,12.00418174790034
1378.3316582914572,10.770987806163685,13.289053659907932,17.80711951365218,21.325185367396422,23.325185367396422,23.25292195241944,23.216790244930948,23.216790244930948,21.734856098675195,18.770987806163685,14.770987806163685,11.770987806163685
1422.7939698492462,10.53779386442703,13.040313455388834,17.542833046350637,21.045352637312433,23.045352637312433,23.035274273465227,23.030235091541623,23.030235091541623,21.532754682503427,18.53779386442703,14.53779386442703,11.53779386442703
1467.2562814070352,10.304599922690375,12.791573250869734,17.27854657904909,20.76551990722845,22.76551990722845,22.817626594511015,22.8436799381523,22.8436799381523,21.33065326633166,18.304599922690375,14.304599922690375,11.304599922690375
1511.718592964824,10.07140598095372,12.542833046350635,17.01426011174755,20.485687177144463,22.485687177144463,22.599978915556804,22.657124784762978,22.657124784762978,21.12855185015989,18.07140598095372,14.07140598095372,11.07140598095372
1556.180904522613,9.838212039217064,12.294092841831535,16.74997364444601,20.205854447060474,22.205854447060474,22.382331236602592,22.47056963137365,22.47056963137365,20.926450433988123,17.838212039217062,13.838212039217064,10.838212039217064
1600.643216080402,9.605018097480409,12.045352637312437,16.485687177144463,19.926021716976493,21.926021716976493,22.16468355764838,22.28401447798433,22.28401447798433,20.724349017816355,17.60501809748041,13.605018097480409,10.605018097480409
1645.105527638191,9.371824155743752,11.796612432793337,16.22140070984292,19.646188986892504,21.646188986892504,21.94703587869417,22.097459324595004,22.097459324595004,20.522247601644587,17.371824155743752,13.371824155743752,10.371824155743752
1689.5678391959798,9.1386302140071,11.547872228274239,15.95711424254138,19.366356256808515,21.366356256808515,21.729388199739958,21.91090417120568,21.91090417120568,20.32014618547282,17.1386302140071,13.1386302140071,10.1386302140071
1734.0301507537688,8.905436272270443,11.29913202375514,15.692827775239836,19.086523526724534,21.086523526724534,21.511740520785747,21.724349017816355,21.724349017816355,20.11804476930105,16.905436272270443,12.905436272270443,9.905436272270443
1778.4924623115578,8.672242330533788,11.05039181923604,15.428541307938293,18.806690796640545,20.806690796640545,21.294092841831535,21.53779386442703,21.53779386442703,19.915943353129283,16.672242330533788,12.672242330533788,9.672242330533788
1822.9547738693466,8.439048388797133,10.801651614716942,15.164254840636751,18.526858066556557,20.526858066556557,21.076445162877324,21.351238711037706,21.351238711037706,19.713841936957515,16.439048388797133,12.439048388797133,9.439048388797133
1867.4170854271356,8.205854447060478,10.552911410197844,14.89996837333521,18.247025336472575,20.247025336472575,20.858797483923112,21.16468355764838,21.16468355764838,19.51174052078575,16.205854447060478,12.205854447060478,9.205854447060478
1911.8793969849246,7.972660505323821,10.304171205678744,14.635681906033666,17.967192606388586,19.967192606388586,20.641149804968897,20.97812840425906,20.97812840425906,19.30963910461398,15.972660505323821,11.972660505323821,8.972660505323821
1956.3417085427136,7.7394665635871664,10.055431001159644,14.371395438732122,17.687359876304598,19.687359876304598,20.42350212601469,20.79157325086973,20.79157325086973,19.10753768844221,15.739466563587166,11.739466563587166,8.739466563587166
2000.8040201005024,7.506272621850512,9.806690796640547,14.10710897143058,17.407527146220616,19.407527146220616,20.205854447060474,20.60501809748041,20.60501809748041,18.905436272270443,15.506272621850512,11.506272621850512,8.506272621850512
2045.2663316582914,7.273078680113857,9.557950592121447,13.842822504129037,17.127694416136627,19.127694416136627,19.988206768106267,20.418462944091083,20.418462944091083,18.703334856098678,15.273078680113857,11.273078680113857,8.273078680113857
2089.7286432160804,7.0398847383772,9.309210387602347,13.578536036827495,16.84786168605264,18.84786168605264,19.77055908915205,20.23190779070176,20.23190779070176,18.501233439926906,15.0398847383772,11.0398847383772,8.0398847383772
2134.190954773869,6.806690796640545,9.060470183083249,13.314249569525954,16.568028955968657,18.568028955968657,19.552911410197844,20.045352637312437,20.045352637312437,18.299132023755142,14.806690796640545,10.806690796640545,7.806690796640545
2178.6532663316584,6.573496854903889,8.811729978564149,13.049963102224408,16.28819622588467,18.28819622588467,19.33526373124363,19.858797483923112,19.858797483923112,18.09703060758337,14.573496854903889,10.573496854903889,7.573496854903889
2223.115577889447,6.340302913167234,8.56298977404505,12.785676634922867,16.00836349580068,18.00836349580068,19.11761605228942,19.672242330533788,19.672242330533788,17.894929191411606,14.340302913167234,10.340302913167234,7.340302913167234
2267.577889447236,6.107108971430581,8.314249569525952,12.521390167621325,15.728530765716696,17.728530765716698,18.899968373335206,19.485687177144463,19.485687177144463,17.692827775239834,14.10710897143058,10.10710897143058,7.107108971430581
2312.040201005025,5.873915029693924,8.065509365006852,12.257103700319782,15.448698035632708,17.44869803563271,18.682320694380994,19.29913202375514,19.29913202375514,17.49072635906807,13.873915029693924,9.873915029693924,6.873915029693924
2356.502512562814,5.640721087957269,7.816769160487754,11.99281723301824,15.168865305548723,17.16886530554872,18.464673015426783,19.112576870365814,19.112576870365814,17.2886249428963,13.64072108795727,9.64072108795727,6.640721087957269
2400.9648241206028,5.407527146220614,7.568028955968655,11.728530765716698,14.889032575464737,16.88903257546474,18.247025336472575,18.926021716976493,18.926021716976493,17.086523526724534,13.407527146220614,9.407527146220614,6.407527146220614
2445.427135678392,5.174333204483958,7.319288751449555,11.464244298415153,14.609199845380749,16.60919984538075,18.02937765751836,18.739466563587165,18.739466563587165,16.884422110552762,13.174333204483958,9.174333204483958,6.174333204483958
2489.889447236181,4.941139262747303,7.070548546930457,11.199957831113611,14.329367115296764,16.329367115296762,17.81172997856415,18.552911410197844,18.552911410197844,16.682320694380998,12.941139262747303,8.941139262747303,5.941139262747303
2534.3517587939696,4.707945321010648,6.821808342411359,10.93567136381207,14.049534385212779,16.04953438521278,17.594082299609937,18.36635625680852,18.36635625680852,16.48021927820923,12.707945321010648,8.707945321010648,5.707945321010648
2578.814070351759,4.474751379273991,6.573068137892259,10.671384896510526,13.769701655128788,15.769701655128788,17.376434620655726,18.179801103419194,18.179801103419194,16.278117862037462,12.474751379273991,8.474751379273991,5.474751379273991
2623.2763819095476,4.241557437537338,6.32432793337316,10.407098429208984,13.489868925044803,15.489868925044803,17.158786941701514,17.99324595002987,17.99324595002987,16.076016445865694,12.241557437537338,8.241557437537338,5.241557437537338
2667.738693467337,4.00836349580068,6.07558772885406,10.142811961907439,13.210036194960818,15.210036194960818,16.9411392627473,17.806690796640545,17.806690796640545,15.873915029693924,12.00836349580068,8.00836349580068,5.00836349580068
2712.2010050251256,3.7751695540640267,5.826847524334962,9.8785254946059,12.93020346487683,14.93020346487683,16.72349158379309,17.62013564325122,17.62013564325122,15.671813613522158,11.775169554064027,7.775169554064027,4.775169554064027
2756.6633165829144,3.541975612327372,5.578107319815864,9.614239027304357,12.650370734792844,14.650370734792844,16.50584390483888,17.433580489861896,17.433580489861896,15.46971219735039,11.541975612327372,7.541975612327372,4.541975612327372
2801.1256281407036,3.308781670590715,5.329367115296764,9.349952560002812,12.370538004708859,14.370538004708859,16.28819622588467,17.24702533647257,17.24702533647257,15.26761078117862,11.308781670590715,7.308781670590715,4.308781670590715
2845.5879396984924,3.0755877288540603,5.080626910777665,9.08566609270127,12.09070527462487,14.09070527462487,16.070548546930453,17.060470183083247,17.060470183083247,15.065509365006854,11.07558772885406,7.07558772885406,4.07558772885406
2890.050251256281,2.759982018719799,4.771982917783809,8.77198291778381,11.795984715911828,13.831987413103858,15.85598921123188,16.86799011029589,16.86799011029589,14.85598921123188,10.80798561497584,6.795984715911829,3.771982917783809
2934.5125628140704,2.404851734711898,4.434609147976303,8.434609147976303,11.494123974505113,13.583396214298329,15.642911040827139,16.672668454091543,16.672668454091543,14.642911040827139,10.523881387769519,6.494123974505113,3.434609147976303
2978.974874371859,2.0497214507040002,4.0972353781688,8.0972353781688,11.1922632330984,13.3348050154928,15.4298328704224,16.4773467978872,16.4773467978872,14.4298328704224,10.2397771605632,6.1922632330984,3.0972353781688002
3023.437185929648,1.6945911666961027,3.7598616083612972,7.759861608361297,10.890402491691688,13.086213816687271,15.216754700017662,16.282025141682855,16.282025141682855,14.216754700017662,9.955672933356881,5.890402491691687,2.7598616083612972
3067.899497487437,1.3394608826882013,3.422487838553791,7.422487838553791,10.588541750284971,12.837622617881742,15.003676529612921,16.08670348547851,16.08670348547851,14.003676529612921,9.67156870615056,5.588541750284971,2.422487838553791
3112.361809045226,0.9843305986803039,3.0851140687462886,7.085114068746289,10.286681008878258,12.589031419076212,14.790598359208182,15.891381829274167,15.891381829274167,13.790598359208182,9.387464478944242,5.286681008878258,2.0851140687462886
3156.824120603015,0.6292003146724023,2.7477402989387825,6.7477402989387825,9.984820267471543,12.340440220270683,14.577520188803442,15.69606017306982,15.69606017306982,13.577520188803442,9.103360251737922,4.984820267471543,1.7477402989387825
3201.286432160804,0.27407003066450475,2.4103665291312795,6.410366529131279,9.68295952606483,12.091849021465153,14.364442018398703,15.500738516865479,15.500738516865479,13.364442018398703,8.819256024531605,4.682959526064829,1.4103665291312795
3245.748743718593,-0.08106025334339284,2.072992759323777,6.0729927593237765,9.381098784658116,11.843257822659625,14.151363847993965,15.305416860661134,15.305416860661134,13.151363847993965,8.535151797325286,4.381098784658116,1.072992759323777
3290.211055276382,-0.436190537351294,1.7356189895162708,5.73561898951627,9.0792380432514,11.594666623854094,13.938285677589224,15.110095204456789,15.110095204456789,12.938285677589224,8.251047570118965,4.079238043251401,0.7356189895162708
3334.673366834171,-0.7913208213591916,1.3982452197087682,5.398245219708768,8.777377301844687,11.346075425048566,13.725207507184486,14.914773548252445,14.914773548252445,12.725207507184486,7.966943342912646,3.7773773018446875,0.39824521970876825
3379.1356783919596,-1.1464511053670892,1.0608714499012653,5.060871449901265,8.475516560437974,11.097484226243038,13.512129336779747,14.7194518920481,14.7194518920481,12.512129336779747,7.682839115706329,3.475516560437974,0.06087144990126525
3423.597989949749,-1.5015813893749899,0.7234976800937591,4.723497680093759,8.173655819031257,10.848893027437507,13.299051166375005,14.524130235843755,14.524130235843755,12.299051166375005,7.398734888500008,3.173655819031258,-0.27650231990624086
3468.0603015075376,-1.856711673382888,0.3861239102862566,4.386123910286257,7.8717950776245456,10.600301828631979,13.085972995970266,14.32880857963941,14.32880857963941,12.085972995970266,7.11463066129369,2.8717950776245456,-0.6138760897137434
3512.5226130653264,-2.211841957390785,0.048750140478754034,4.048750140478754,7.569934336217832,10.35171062982645,12.87289482556553,14.133486923435068,14.133486923435068,11.87289482556553,6.830526434087371,2.569934336217832,-0.951249859521246
3556.9849246231156,-2.5669722413986866,-0.2886236293287521,3.711376370671248,7.268073594811116,10.10311943102092,12.659816655160789,13.938165267230723,13.938165267230723,11.659816655160789,6.546422206881051,2.268073594811116,-1.288623629328752
3601.4472361809044,-2.9221025254065847,-0.6259973991362546,3.3740026008637454,6.966212853404404,9.85452823221539,12.44673848475605,13.742843611026379,13.742843611026379,11.44673848475605,6.262317979674733,1.9662128534044037,-1.6259973991362546
3645.909547738693,-3.277232809414482,-0.9633711689437581,3.036628831056242,6.66435211199769,9.605937033409862,12.233660314351312,13.547521954822034,13.547521954822034,11.233660314351312,5.978213752468415,1.6643521119976903,-1.963371168943758
3690.3718592964824,-3.6323630934223834,-1.3007449387512642,2.699255061248736,6.362491370590974,9.357345834604331,12.02058214394657,13.352200298617689,13.352200298617689,11.02058214394657,5.6941095252620935,1.3624913705909742,-2.300744938751264
3734.834170854271,-3.9874933774302805,-1.6381187085587667,2.3618812914412333,6.060630629184262,9.108754635798803,11.80750397354183,13.156878642413346,13.156878642413346,10.80750397354183,5.410005298055776,1.0606306291842618,-2.6381187085587667
3779.2964824120604,-4.342623661438182,-1.9754924783662728,2.024507521633727,5.758769887777546,8.860163436993272,11.594425803137092,12.961556986209,12.961556986209,10.594425803137092,5.125901070849454,0.7587698877775457,-2.975492478366273
3823.758793969849,-4.697753945446079,-2.3128662481737754,1.6871337518262246,5.456909146370832,8.611572238187744,11.381347632732354,12.766235330004656,12.766235330004656,10.381347632732354,4.841796843643136,0.45690914637083235,-3.3128662481737754
3868.221105527638,-5.052884229453976,-2.650240017981278,1.349759982018722,5.15504840496412,8.362981039382216,11.168269462327615,12.570913673800312,12.570913673800312,10.168269462327615,4.557692616436818,0.15504840496411987,-3.650240017981278
3912.683417085427,-5.408014513461879,-2.987613787788784,1.012386212211216,4.853187663557404,8.114389840576685,10.955191291922873,12.375592017595967,12.375592017595967,9.955191291922873,4.273588389230498,-0.14681233644259617,-3.987613787788784
3957.145728643216,-5.763144797469776,-3.3249875575962875,0.6750124424037125,4.5513269221506905,7.865798641771157,10.742113121518134,12.180270361391624,12.180270361391624,9.742113121518134,3.989484162024179,-0.44867307784930954,-4.3249875575962875
4001.6080402010048,-6.118275081477673,-3.66236132740379,0.33763867259620994,4.249466180743978,7.617207442965628,10.529034951113395,11.984948705187279,11.984948705187279,9.529034951113395,3.705379934817861,-0.750533819256022,-4.66236132740379
4046.070351758794,-6.473405365485574,-3.999735097211296,0.00026490278870383577,3.947605439337261,7.368616244160098,10.315956780708655,11.789627048982933,11.789627048982933,9.315956780708655,3.4212757076115405,-1.052394560662739,-4.999735097211296
4090.532663316583,-6.828535649493473,-4.337108867018799,-0.3371088670187987,3.6457446979305477,7.120025045354569,10.102878610303916,11.59430539277859,11.59430539277859,9.102878610303916,3.1371714804052218,-1.3542553020694523,-5.337108867018799
4134.994974874372,-7.1836659335013735,-4.674482636826305,-0.6744826368263048,3.3438839565238325,6.8714338465490385,9.889800439899176,11.398983736574245,11.398983736574245,8.889800439899176,2.853067253198901,-1.6561160434761675,-5.674482636826305
4179.457286432161,-7.538796217509271,-5.011856406633807,-1.0118564066338074,3.042023215117119,6.62284264774351,9.676722269494437,11.2036620803699,11.2036620803699,8.676722269494437,2.5689630259925824,-1.9579767848828808,-6.011856406633807
4223.91959798995,-7.89392650151717,-5.34923017644131,-1.34923017644131,2.7401624737104058,6.374251448937982,9.463644099089699,11.008340424165556,11.008340424165556,8.463644099089699,2.2848587987862654,-2.2598375262895942,-6.34923017644131
4268.381909547738,-8.249056785525067,-5.6866039462488125,-1.6866039462488125,2.438301732303694,6.125660250132453,9.25056592868496,10.813018767961214,10.813018767961214,8.25056592868496,2.0007545715799466,-2.561698267696306,-6.6866039462488125
4312.844221105527,-8.604187069532964,-6.023977716056315,-2.023977716056315,2.136440990896981,5.8770690513269255,9.037487758280221,10.61769711175687,10.61769711175687,8.037487758280221,1.7166503443736296,-2.863559009103019,-7.023977716056315
4357.306532663317,-8.959317353540868,-6.361351485863825,-2.3613514858638247,1.834580249490262,5.628477852521392,8.82440958787548,10.422375455552523,10.422375455552523,7.824409587875479,1.4325461171673055,-3.165419750509738,-7.361351485863825
4401.768844221106,-9.314447637548767,-6.698725255671327,-2.6987252556713273,1.5327195080835487,5.379886653715863,8.61133141747074,10.227053799348178,10.227053799348178,7.6113314174707405,1.1484418899609867,-3.4672804919164513,-7.698725255671327
4446.231155778894,-9.669577921556664,-7.036099025478832,-3.0360990254788316,1.2308587666768354,5.131295454910335,8.398253247066002,10.031732143143834,10.031732143143834,7.398253247066002,0.8643376627546697,-3.7691412333231646,-8.036099025478832
4490.693467336683,-10.024708205564561,-7.373472795286334,-3.373472795286334,0.928998025270122,4.882704256104807,8.185175076661263,9.836410486939492,9.836410486939492,7.185175076661263,0.5802334355483509,-4.071001974729878,-8.373472795286334
4535.155778894472,-10.379838489572458,-7.710846565093837,-3.7108465650938367,0.6271372838634104,4.634113057299279,7.972096906256525,9.641088830735146,9.641088830735146,6.972096906256525,0.29612920834203216,-4.37286271613659,-8.710846565093837
4579.618090452262,-10.734968773580364,-8.048220334901346,-4.048220334901346,0.3252765424566899,4.385521858493746,7.759018735851782,9.4457671745308,9.4457671745308,6.759018735851782,0.012024981135708046,-4.67472345754331,-9.048220334901346
4624.08040201005,-11.090099057588262,-8.385594104708849,-4.385594104708849,0.023415801049978313,4.1369306596882165,7.545940565447044,9.250445518326456,9.250445518326456,6.545940565447044,-0.27207924607060896,-4.976584198950022,-9.385594104708849
4668.542713567839,-11.445229341596159,-8.722967874516351,-4.7229678745163515,-0.27844494035673506,3.8883394608826887,7.332862395042305,9.055123862122112,9.055123862122112,6.332862395042305,-0.5561834732769277,-5.278444940356735,-9.722967874516351
4713.005025125628,-11.800359625604056,-9.060341644323854,-5.060341644323854,-0.5803056817634484,3.639748262077161,7.119784224637566,8.859802205917768,8.859802205917768,6.119784224637566,-0.8402877004832447,-5.580305681763448,-10.060341644323854
4757.467336683417,-12.155489909611955,-9.397715414131357,-5.397715414131357,-0.8821664231701618,3.3911570632716312,6.906706054232828,8.664480549713424,8.664480549713424,5.906706054232828,-1.1243919276895635,-5.882166423170162,-10.397715414131357
4801.9296482412055,-12.510620193619852,-9.73508918393886,-5.735089183938859,-1.1840271645768734,3.1425658644661034,6.693627883828089,8.469158893509082,8.469158893509082,5.693627883828089,-1.4084961548958823,-6.184027164576873,-10.73508918393886
4846.391959798995,-12.865750477627756,-10.072462953746369,-6.072462953746369,-1.4858879059835939,2.8939746656605703,6.480549713423345,8.273837237304734,8.273837237304734,5.480549713423345,-1.6926003821022046,-6.485887905983594,-11.072462953746369
4890.854271356784,-13.220880761635655,-10.409836723553871,-6.409836723553871,-1.7877486473903055,2.6453834668550424,6.2674715430186065,8.07851558110039,8.07851558110039,5.2674715430186065,-1.9767046093085234,-6.7877486473903055,-11.409836723553871
4935.316582914573,-13.57601104564355,-10.747210493361374,-6.747210493361374,-2.089609388797019,2.396792268049513,6.05439337261387,7.883193924896046,7.883193924896046,5.05439337261387,-2.260808836514842,-7.089609388797019,-11.747210493361374
4979.778894472362,-13.93114132965145,-11.084584263168878,-7.084584263168878,-2.3914701302037322,2.148201069243985,5.841315202209131,7.687872268691702,7.687872268691702,4.841315202209131,-2.544913063721159,-7.391470130203732,-12.084584263168878
5024.24120603015,-14.286271613659348,-11.42195803297638,-7.421958032976381,-2.6933308716104456,1.8996098704384572,5.628237031804392,7.492550612487358,7.492550612487358,4.628237031804392,-2.829017290927478,-7.693330871610446,-12.42195803297638
5068.703517587939,-14.641401897667244,-11.759331802783883,-7.759331802783883,-2.995191613017157,1.6510186716329294,5.415158861399654,7.297228956283016,7.297228956283016,4.415158861399654,-3.113121518133795,-7.995191613017157,-12.759331802783883
5113.165829145729,-14.99653218167515,-12.096705572591393,-8.096705572591393,-3.2970523544238777,1.4024274728273944,5.20208069099491,7.101907300078668,7.101907300078668,4.20208069099491,-3.397225745340119,-8.297052354423878,-13.096705572591393
5157.628140703518,-15.351662465683049,-12.434079342398896,-8.434079342398896,-3.5989130958305893,1.1538362740218666,4.989002520590171,6.906585643874324,6.906585643874324,3.989002520590171,-3.681329972546438,-8.59891309583059,-13.434079342398896
5202.090452261306,-15.706792749690944,-12.771453112206398,-8.771453112206398,-3.9007738372373026,0.9052450752163388,4.7759243501854325,6.71126398766998,6.71126398766998,3.7759243501854325,-3.9654341997527567,-8.900773837237303,-13.771453112206398
5246.552763819095,-16.061923033698843,-13.1088268820139,-9.1088268820139,-4.202634578644016,0.656653876410811,4.562846179780694,6.515942331465636,6.515942331465636,3.562846179780694,-4.249538426959074,-9.202634578644016,-14.1088268820139
5291.015075376884,-16.41705331770674,-13.446200651821403,-9.446200651821403,-4.504495320050729,0.40806267760528137,4.349768009375955,6.320620675261294,6.320620675261294,3.349768009375955,-4.5336426541653925,-9.50449532005073,-14.446200651821403
5335.477386934674,-16.772183601714644,-13.783574421628913,-9.783574421628913,-4.806356061457446,0.1594714787997482,4.136689838971213,6.1252990190569445,6.1252990190569445,3.136689838971213,-4.817746881371717,-9.806356061457446,-14.783574421628913
5379.939698492462,-17.12308647484527,-14.12308647484527,-10.107700665489611,-5.107700665489611,-0.12308647484526959,3.8769135251547304,5.87691352515473,5.87691352515473,2.8769135251547304,-5.107700665489611,-10.12308647484527,-15.107700665489611
5424.402010050251,-17.46642478803283,-14.466424788032828,-10.408121689528723,-5.408121689528724,-0.4664247880328278,3.533575211967172,5.533575211967173,5.533575211967173,2.533575211967172,-5.408121689528724,-10.466424788032828,-15.408121689528723
5468.86432160804,-17.809763101220387,-14.809763101220385,-10.708542713567837,-5.708542713567837,-0.8097631012203859,3.190236898779614,5.190236898779614,5.190236898779614,2.190236898779614,-5.708542713567837,-10.809763101220385,-15.708542713567837
5513.326633165829,-18.153101414407946,-15.153101414407944,-11.008963737606951,-6.008963737606951,-1.1531014144079441,2.846898585592056,4.846898585592056,4.846898585592056,1.8468985855920559,-6.008963737606951,-11.153101414407944,-16.00896373760695
5557.7889447236175,-18.4964397275955,-15.496439727595503,-11.309384761646065,-6.309384761646065,-1.4964397275955021,2.503560272404498,4.503560272404497,4.503560272404497,1.5035602724044979,-6.309384761646065,-11.496439727595503,-16.309384761646065
5602.251256281407,-18.839778040783067,-15.839778040783067,-11.609805785685184,-6.609805785685184,-1.8397780407830675,2.1602219592169325,4.1602219592169325,4.1602219592169325,1.1602219592169325,-6.609805785685184,-11.839778040783067,-16.609805785685182
5646.713567839196,-19.183116353970625,-16.183116353970625,-11.910226809724298,-6.910226809724297,-2.1831163539706258,1.8168836460293742,3.8168836460293742,3.8168836460293742,0.8168836460293742,-6.910226809724297,-12.183116353970625,-16.910226809724296
5691.175879396985,-19.526454667158184,-16.526454667158184,-12.21064783376341,-7.210647833763411,-2.5264546671581836,1.4735453328418164,3.4735453328418164,3.4735453328418164,0.47354533284181644,-7.210647833763411,-12.526454667158184,-17.21064783376341
5735.638190954774,-19.869792980345743,-16.869792980345743,-12.511068857802524,-7.511068857802524,-2.869792980345742,1.1302070196542582,3.130207019654258,3.130207019654258,0.13020701965425818,-7.511068857802524,-12.869792980345743,-17.511068857802524
5780.100502512562,-20.2131312935333,-17.2131312935333,-12.811489881841638,-7.811489881841638,-3.2131312935333,0.7868687064666999,2.7868687064667,2.7868687064667,-0.21313129353330007,-7.811489881841638,-13.2131312935333,-17.811489881841638
5824.562814070352,-20.556469606720864,-17.556469606720864,-13.111910905880757,-8.111910905880757,-3.556469606720865,0.443530393279135,2.443530393279135,2.443530393279135,-0.556469606720865,-8.111910905880757,-13.556469606720865,-18.111910905880755
5869.025125628141,-20.899807919908422,-17.899807919908422,-13.41233192991987,-8.41233192991987,-3.8998079199084232,0.10019208009157676,2.1001920800915768,2.1001920800915768,-0.8998079199084232,-8.41233192991987,-13.899807919908422,-18.41233192991987
5913.48743718593,-21.24314623309598,-18.24314623309598,-13.712752953958983,-8.712752953958983,-4.243146233095982,-0.24314623309598193,1.756853766904018,1.756853766904018,-1.243146233095982,-8.712752953958983,-14.243146233095981,-18.712752953958983
5957.949748743718,-21.58648454628354,-18.58648454628354,-14.013173977998097,-9.013173977998097,-4.58648454628354,-0.5864845462835397,1.4135154537164603,1.4135154537164603,-1.5864845462835397,-9.013173977998097,-14.58648454628354,-19.013173977998097
6002.412060301507,-21.9298228594711,-18.9298228594711,-14.31359500203721,-9.31359500203721,-4.9298228594710976,-0.9298228594710976,1.0701771405289024,1.0701771405289024,-1.9298228594710976,-9.31359500203721,-14.929822859471098,-19.31359500203721
6046.874371859296,-22.273161172658657,-19.273161172658657,-14.614016026076325,-9.614016026076325,-5.273161172658656,-1.2731611726586562,0.7268388273413438,0.7268388273413438,-2.2731611726586562,-9.614016026076325,-15.273161172658657,-19.614016026076325
6091.336683417086,-22.61649948584622,-19.61649948584622,-14.914437050115444,-9.914437050115444,-5.616499485846221,-1.6164994858462212,0.38350051415377884,0.38350051415377884,-2.616499485846221,-9.914437050115444,-15.616499485846221,-19.914437050115446
6135.798994974874,-22.959837799033778,-19.959837799033778,-15.214858074154556,-10.214858074154556,-5.959837799033779,-1.959837799033779,0.04016220096622103,0.04016220096622103,-2.959837799033779,-10.214858074154556,-15.959837799033778,-20.214858074154556
6180.261306532663,-23.303176112221337,-20.303176112221337,-15.51527909819367,-10.51527909819367,-6.303176112221338,-2.3031761122213377,-0.30317611222133767,-0.30317611222133767,-3.3031761122213377,-10.51527909819367,-16.303176112221337,-20.51527909819367
6224.723618090452,-23.646514425408895,-20.646514425408895,-15.815700122232784,-10.815700122232784,-6.6465144254088955,-2.6465144254088955,-0.6465144254088955,-0.6465144254088955,-3.6465144254088955,-10.815700122232784,-16.646514425408895,-20.815700122232784
6269.185929648241,-23.989852738596454,-20.989852738596454,-16.116121146271897,-11.116121146271897,-6.989852738596454,-2.989852738596454,-0.9898527385964542,-0.9898527385964542,-3.989852738596454,-11.116121146271897,-16.989852738596454,-21.116121146271897
6313.64824120603,-24.33319105178402,-21.33319105178402,-16.41654217031102,-11.416542170311017,-7.333191051784019,-3.333191051784019,-1.333191051784019,-1.333191051784019,-4.333191051784019,-11.416542170311017,-17.33319105178402,-21.41654217031102
6358.110552763819,-24.67652936497158,-21.67652936497158,-16.71696319435013,-11.71696319435013,-7.676529364971577,-3.676529364971577,-1.676529364971577,-1.676529364971577,-4.676529364971577,-11.71696319435013,-17.67652936497158,-21.71696319435013
6402.572864321608,-25.012006700167504,-22.01543718592965,-17.01543718592965,-12.01715242881072,-8.01715242881072,-4.01715242881072,-2.01715242881072,-2.01715242881072,-5.01715242881072,-12.01715242881072,-18.01543718592965,-22.013721943048576
6447.035175879397,-25.219497487437184,-22.28221105527638,-17.28221105527638,-12.31356783919598,-8.31356783919598,-4.313567839195978,-2.3135678391959784,-2.3135678391959784,-5.313567839195978,-12.31356783919598,-18.28221105527638,-22.250854271356783
6491.497487437186,-25.426988274706865,-22.548984924623113,-17.548984924623113,-12.609983249581237,-8.609983249581237,-4.609983249581237,-2.609983249581237,-2.609983249581237,-5.609983249581237,-12.609983249581237,-18.548984924623113,-22.48798659966499
6535.959798994974,-25.634479061976545,-22.815758793969845,-17.815758793969845,-12.906398659966495,-8.906398659966495,-4.906398659966496,-2.9063986599664955,-2.9063986599664955,-5.906398659966496,-12.906398659966495,-18.815758793969845,-22.725118927973195
6580.422110552764,-25.841969849246233,-23.082532663316584,-18.082532663316584,-13.20281407035176,-9.20281407035176,-5.20281407035176,-3.20281407035176,-3.20281407035176,-6.20281407035176,-13.20281407035176,-19.082532663316584,-22.96225125628141
6624.884422110553,-26.049460636515914,-23.349306532663316,-18.349306532663316,-13.499229480737018,-9.499229480737018,-5.499229480737019,-3.499229480737019,-3.499229480737019,-6.499229480737019,-13.499229480737018,-19.349306532663316,-23.199383584589615
6669.346733668342,-26.256951423785594,-23.61608040201005,-18.61608040201005,-13.795644891122278,-9.795644891122278,-5.7956448911222775,-3.7956448911222775,-3.7956448911222775,-6.7956448911222775,-13.795644891122278,-19.61608040201005,-23.43651591289782
6713.80904522613,-26.464442211055275,-23.88285427135678,-18.88285427135678,-14.092060301507535,-10.092060301507535,-6.092060301507535,-4.092060301507535,-4.092060301507535,-7.092060301507535,-14.092060301507535,-19.88285427135678,-23.673648241206028
6758.271356783919,-26.671932998324955,-24.149628140703516,-19.149628140703516,-14.388475711892795,-10.388475711892795,-6.388475711892795,-4.388475711892795,-4.388475711892795,-7.388475711892795,-14.388475711892795,-20.149628140703516,-23.910780569514234
6802.733668341708,-26.879423785594636,-24.41640201005025,-19.41640201005025,-14.684891122278053,-10.684891122278053,-6.684891122278053,-4.684891122278053,-4.684891122278053,-7.684891122278053,-14.684891122278053,-20.41640201005025,-24.147912897822444
6847.195979899498,-27.086914572864323,-24.683175879396984,-19.683175879396984,-14.981306532663318,-10.981306532663318,-6.981306532663318,-4.981306532663318,-4.981306532663318,-7.981306532663318,-14.981306532663318,-20.683175879396984,-24.385045226130654
6891.658291457286,-27.294405360134004,-24.94994974874372,-19.94994974874372,-15.277721943048576,-11.277721943048576,-7.277721943048576,-5.277721943048576,-5.277721943048576,-8.277721943048576,-15.277721943048576,-20.94994974874372,-24.62217755443886
6936.120603015075,-27.501896147403684,-25.21672361809045,-20.21672361809045,-15.574137353433834,-11.574137353433834,-7.5741373534338345,-5.5741373534338345,-5.5741373534338345,-8.574137353433834,-15.574137353433834,-21.21672361809045,-24.859309882747066
6980.582914572864,-27.709386934673365,-25.483497487437184,-20.483497487437184,-15.870552763819093,-11.870552763819093,-7.870552763819093,-5.870552763819093,-5.870552763819093,-8.870552763819093,-15.870552763819093,-21.483497487437184,-25.096442211055276
7025.045226130653,-27.916877721943045,-25.750271356783916,-20.750271356783916,-16.166968174204353,-12.166968174204353,-8.166968174204353,-6.166968174204352,-6.166968174204352,-9.166968174204353,-16.166968174204353,-21.750271356783916,-25.333574539363482
7069.507537688442,-28.124368509212733,-26.017045226130655,-21.017045226130655,-16.463383584589614,-12.463383584589616,-8.463383584589616,-6.463383584589616,-6.463383584589616,-9.463383584589616,-16.463383584589614,-22.017045226130655,-25.570706867671692
7113.969849246231,-28.331859296482413,-26.283819095477387,-21.283819095477387,-16.759798994974876,-12.759798994974876,-8.759798994974876,-6.759798994974875,-6.759798994974875,-9.759798994974876,-16.759798994974876,-22.283819095477387,-25.8078391959799
7158.43216080402,-28.539350083752094,-26.55059296482412,-21.55059296482412,-17.056214405360134,-13.056214405360134,-9.056214405360134,-7.056214405360134,-7.056214405360134,-10.056214405360134,-17.056214405360134,-22.55059296482412,-26.04497152428811
7202.894472361809,-28.746840871021774,-26.817366834170855,-21.817366834170855,-17.35262981574539,-13.352629815745392,-9.352629815745392,-7.352629815745392,-7.352629815745392,-10.352629815745392,-17.35262981574539,-22.817366834170855,-26.282103852596315
7247.356783919598,-28.954331658291455,-27.084140703517583,-22.084140703517583,-17.64904522613065,-13.64904522613065,-9.64904522613065,-7.64904522613065,-7.64904522613065,-10.64904522613065,-17.64904522613065,-23.084140703517583,-26.51923618090452
7291.819095477386,-29.161822445561135,-27.35091457286432,-22.35091457286432,-17.94546063651591,-13.945460636515909,-9.945460636515909,-7.945460636515909,-7.945460636515909,-10.945460636515909,-17.94546063651591,-23.35091457286432,-26.756368509212727
7336.281407035176,-29.369313232830823,-27.617688442211055,-22.617688442211055,-18.241876046901176,-14.241876046901174,-10.241876046901174,-8.241876046901174,-8.241876046901174,-11.241876046901174,-18.241876046901176,-23.617688442211055,-26.99350083752094
7380.743718592965,-29.576804020100504,-27.88446231155779,-22.88446231155779,-18.538291457286434,-14.538291457286434,-10.538291457286434,-8.538291457286434,-8.538291457286434,-11.538291457286434,-18.538291457286434,-23.88446231155779,-27.230633165829147
7425.206030150754,-29.784294807370184,-28.151236180904522,-23.151236180904522,-18.83470686767169,-14.834706867671692,-10.834706867671692,-8.834706867671692,-8.834706867671692,-11.834706867671692,-18.83470686767169,-24.151236180904522,-27.467765494137353
7469.668341708542,-29.991785594639865,-28.418010050251254,-23.418010050251254,-19.13112227805695,-15.13112227805695,-11.13112227805695,-9.13112227805695,-9.13112227805695,-12.13112227805695,-19.13112227805695,-24.418010050251254,-27.70489782244556
7514.130653266331,-30.199276381909545,-28.684783919597987,-23.684783919597987,-19.427537688442207,-15.427537688442207,-11.427537688442207,-9.427537688442207,-9.427537688442207,-12.427537688442207,-19.427537688442207,-24.684783919597987,-27.942030150753766
7558.592964824121,-30.406767169179233,-28.951557788944726,-23.951557788944726,-19.723953098827472,-15.723953098827472,-11.723953098827472,-9.723953098827472,-9.723953098827472,-12.723953098827472,-19.723953098827472,-24.951557788944726,-28.17916247906198
7603.05527638191,-30.614257956448913,-29.218331658291458,-24.218331658291458,-20.02036850921273,-16.02036850921273,-12.020368509212732,-10.020368509212732,-10.020368509212732,-13.020368509212732,-20.02036850921273,-25.218331658291458,-28.416294807370186
7647.517587939698,-30.821748743718594,-29.48510552763819,-24.48510552763819,-20.316783919597988,-16.316783919597988,-12.31678391959799,-10.31678391959799,-10.31678391959799,-13.31678391959799,-20.316783919597988,-25.48510552763819,-28.653427135678392
7691.979899497487,-31.029239530988274,-29.751879396984922,-24.751879396984922,-20.613199329983246,-16.613199329983246,-12.613199329983248,-10.613199329983248,-10.613199329983248,-13.613199329983248,-20.613199329983246,-25.751879396984922,-28.890559463986598
7736.442211055276,-31.236730318257955,-30.018653266331654,-25.018653266331654,-20.909614740368507,-16.909614740368507,-12.909614740368507,-10.909614740368507,-10.909614740368507,-13.909614740368507,-20.909614740368507,-26.018653266331654,-29.127691792294804
7780.904522613065,-31.444221105527635,-30.28542713567839,-25.28542713567839,-21.206030150753765,-17.206030150753765,-13.206030150753765,-11.206030150753765,-11.206030150753765,-14.206030150753765,-21.206030150753765,-26.28542713567839,-29.36482412060301
7825.366834170854,-31.651711892797323,-30.552201005025125,-25.552201005025125,-21.50244556113903,-17.50244556113903,-13.50244556113903,-11.50244556113903,-11.50244556113903,-14.50244556113903,-21.50244556113903,-26.552201005025125,-29.601956448911224
7869.829145728643,-31.859202680067003,-30.81897487437186,-25.81897487437186,-21.798860971524288,-17.798860971524288,-13.798860971524288,-11.798860971524288,-11.798860971524288,-14.798860971524288,-21.798860971524288,-26.81897487437186,-29.83908877721943
7914.291457286432,-32.06030150753769,-31.060301507537687,-26.09045226130653,-22.060301507537687,-18.060301507537687,-14.090452261306531,-12.105527638190953,-12.105527638190953,-15.090452261306531,-22.07537688442211,-27.07537688442211,-30.07537688442211
7958.753768844221,-32.24790619765494,-31.247906197654938,-26.37185929648241,-22.247906197654938,-18.247906197654938,-14.371859296482409,-12.433835845896144,-12.433835845896144,-15.371859296482409,-22.309882747068674,-27.309882747068674,-30.309882747068674
8003.2160804020095,-32.43551088777219,-31.435510887772192,-26.653266331658287,-22.435510887772192,-18.435510887772192,-14.653266331658289,-12.762144053601336,-12.762144053601336,-15.653266331658289,-22.54438860971524,-27.54438860971524,-30.54438860971524
8047.678391959799,-32.62311557788945,-31.623115577889447,-26.934673366834172,-22.623115577889447,-18.623115577889447,-14.934673366834172,-13.090452261306535,-13.090452261306535,-15.934673366834172,-22.77889447236181,-27.77889447236181,-30.77889447236181
8092.140703517588,-32.8107202680067,-31.8107202680067,-27.21608040201005,-22.8107202680067,-18.8107202680067,-15.21608040201005,-13.418760469011726,-13.418760469011726,-16.21608040201005,-23.013400335008377,-28.013400335008377,-31.013400335008377
8136.603015075377,-32.99832495812395,-31.998324958123952,-27.497487437185928,-22.998324958123952,-18.998324958123952,-15.49748743718593,-13.747068676716918,-13.747068676716918,-16.497487437185928,-23.24790619765494,-28.24790619765494,-31.24790619765494
8181.065326633166,-33.185929648241206,-32.185929648241206,-27.778894472361806,-23.185929648241206,-19.185929648241206,-15.778894472361808,-14.07537688442211,-14.07537688442211,-16.778894472361806,-23.482412060301506,-28.482412060301506,-31.482412060301506
8225.527638190955,-33.37353433835846,-32.37353433835846,-28.06030150753769,-23.37353433835846,-19.37353433835846,-16.06030150753769,-14.403685092127308,-14.403685092127308,-17.06030150753769,-23.716917922948078,-28.716917922948078,-31.716917922948078
8269.989949748744,-33.561139028475715,-32.561139028475715,-28.34170854271357,-23.561139028475715,-19.561139028475715,-16.34170854271357,-14.731993299832498,-14.731993299832498,-17.34170854271357,-23.951423785594642,-28.951423785594642,-31.951423785594642
8314.452261306533,-33.74874371859296,-32.74874371859296,-28.623115577889447,-23.748743718592966,-19.748743718592966,-16.623115577889447,-15.06030150753769,-15.06030150753769,-17.623115577889447,-24.185929648241206,-29.185929648241206,-32.185929648241206
8358.914572864322,-33.93634840871022,-32.93634840871022,-28.904522613065325,-23.936348408710217,-19.936348408710217,-16.904522613065325,-15.38860971524288,-15.38860971524288,-17.904522613065325,-24.42043551088777,-29.42043551088777,-32.42043551088777
8403.37688442211,-34.12395309882747,-33.12395309882747,-29.185929648241206,-24.12395309882747,-20.12395309882747,-17.185929648241206,-15.716917922948072,-15.716917922948072,-18.185929648241206,-24.65494137353434,-29.65494137353434,-32.654941373534335
8447.8391959799,-34.311557788944725,-33.311557788944725,-29.467336683417084,-24.31155778894472,-20.31155778894472,-17.467336683417084,-16.045226130653262,-16.045226130653262,-18.467336683417084,-24.889447236180903,-29.889447236180903,-32.8894472361809
8492.301507537688,-34.49916247906197,-33.49916247906197,-29.748743718592962,-24.499162479061972,-20.499162479061972,-17.748743718592962,-16.373534338358454,-16.373534338358454,-18.748743718592962,-25.123953098827467,-30.123953098827467,-33.12395309882747
8536.763819095477,-34.68676716917923,-33.68676716917923,-30.03015075376884,-24.686767169179227,-20.686767169179227,-18.03015075376884,-16.701842546063645,-16.701842546063645,-19.03015075376884,-25.35845896147403,-30.35845896147403,-33.358458961474035
8581.226130653265,-34.87437185929648,-33.87437185929648,-30.311557788944718,-24.874371859296478,-20.874371859296478,-18.311557788944718,-17.030150753768837,-17.030150753768837,-19.311557788944718,-25.5929648241206,-30.5929648241206,-33.5929648241206
8625.688442211054,-35.06197654941373,-34.06197654941373,-30.592964824120596,-25.061976549413732,-21.061976549413732,-18.592964824120596,-17.358458961474028,-17.358458961474028,-19.592964824120596,-25.827470686767164,-30.827470686767164,-33.827470686767164
8670.150753768845,-35.24958123953099,-34.24958123953099,-30.874371859296488,-25.24958123953099,-21.24958123953099,-18.874371859296488,-17.686767169179234,-17.686767169179234,-19.874371859296488,-26.06197654941374,-31.06197654941374,-34.06197654941374
8714.613065326634,-35.437185929648244,-34.437185929648244,-31.155778894472366,-25.437185929648244,-21.437185929648244,-19.155778894472366,-18.015075376884425,-18.015075376884425,-20.155778894472366,-26.296482412060303,-31.296482412060303,-34.29648241206031
8759.075376884422,-35.6247906197655,-34.6247906197655,-31.437185929648244,-25.624790619765495,-21.624790619765495,-19.437185929648244,-18.343383584589617,-18.343383584589617,-20.437185929648244,-26.53098827470687,-31.53098827470687,-34.53098827470687
8803.537688442211,-35.812395309882746,-34.812395309882746,-31.718592964824122,-25.812395309882746,-21.812395309882746,-19.718592964824122,-18.67169179229481,-18.67169179229481,-20.718592964824122,-26.765494137353436,-31.765494137353436,-34.765494137353436
8848.0,-36.0,-35.0,-32.0,-26.0,-22.0,-20.0,-19.0,-19.0,-21.0,-27.0,-32.0,-35.0
